CAPSTONE_AP_1,CAPSTONE_AP_2,CAPSTONE_AP_3,CAPSTONE_AP_4,Location
-44,-54,-48,-50,A1
-44,-54,-48,-50,A1
-44,-54,-48,-50,A1
-44,-54,-48,-50,A1
-44,-54,-48,-50,A1
-44,-54,-48,-50,A1
-44,-54,-48,-50,A1
-44,-54,-48,-50,A1
-44,-54,-48,-50,A1
-44,-48,-52,-50,A1
-44,-48,-52,-50,A1
-44,-48,-52,-50,A1
-44,-48,-52,-50,A1
-44,-48,-52,-50,A1
-44,-48,-52,-50,A1
-44,-48,-52,-50,A1
-44,-48,-52,-50,A1
-44,-48,-52,-50,A1
-44,-48,-52,-50,A1
-44,-44,-52,-53,A1
-44,-44,-52,-53,A1
-44,-44,-52,-53,A1
-44,-44,-52,-53,A1
-44,-44,-52,-53,A1
-44,-44,-52,-53,A1
-44,-44,-52,-56,A1
-44,-44,-52,-56,A1
-44,-44,-52,-56,A1
-44,-44,-52,-56,A1
-44,-44,-52,-56,A1
-44,-44,-52,-56,A1
-44,-44,-52,-56,A1
-44,-44,-52,-56,A1
-44,-44,-52,-56,A1
-44,-44,-52,-56,A1
-44,-44,-52,-56,A1
-44,-44,-52,-56,A1
-44,-44,-52,-56,A1
-44,-44,-52,-56,A1
-44,-44,-52,-56,A1
-37,-49,-44,-56,A1
-37,-49,-44,-56,A1
-37,-49,-44,-56,A1
-37,-49,-44,-56,A1
-37,-49,-44,-56,A1
-37,-49,-44,-56,A1
-37,-49,-44,-56,A1
-37,-49,-44,-56,A1
-37,-49,-44,-56,A1
-37,-49,-44,-56,A1
-37,-49,-44,-56,A1
-37,-49,-44,-56,A1
-37,-49,-44,-56,A1
-37,-49,-44,-56,A1
-37,-55,-44,-56,A1
-37,-55,-44,-56,A1
-37,-55,-44,-56,A1
-37,-55,-44,-56,A1
-37,-55,-44,-56,A1
-37,-55,-44,-56,A1
-37,-53,-48,-59,A1
-37,-53,-48,-59,A1
-37,-53,-48,-59,A1
-37,-53,-48,-59,A1
-37,-53,-48,-59,A1
-37,-53,-48,-59,A1
-37,-53,-48,-59,A1
-37,-53,-48,-59,A1
-37,-53,-48,-59,A1
-37,-53,-48,-59,A1
-37,-53,-48,-59,A1
-37,-53,-48,-59,A1
-37,-53,-48,-59,A1
-37,-53,-48,-59,A1
-37,-53,-48,-59,A1
-37,-53,-48,-59,A1
-37,-53,-48,-59,A1
-37,-53,-48,-59,A1
-37,-53,-48,-59,A1
-37,-53,-48,-59,A1
-37,-53,-48,-59,A1
-37,-53,-48,-59,A1
-37,-53,-48,-59,A1
-37,-53,-48,-59,A1
-37,-53,-48,-59,A1
-37,-53,-48,-59,A1
-37,-53,-48,-59,A1
-37,-53,-48,-59,A1
-34,-52,-44,-59,A1
-34,-52,-44,-59,A1
-44,-52,-44,-59,A1
-44,-52,-44,-59,A1
-44,-52,-44,-59,A1
-44,-52,-44,-59,A1
-44,-52,-44,-59,A1
-44,-52,-44,-59,A1
-44,-52,-44,-59,A1
-44,-52,-44,-59,A1
-44,-52,-44,-59,A1
-44,-52,-44,-59,A1
-44,-52,-44,-59,A1
-44,-52,-44,-51,A1
-44,-52,-44,-51,A1
-44,-52,-44,-51,A1
-44,-47,-44,-48,A1
-44,-47,-44,-48,A1
-44,-47,-44,-48,A1
-44,-47,-44,-48,A1
-44,-47,-44,-48,A1
-44,-47,-44,-48,A1
-44,-47,-44,-48,A1
-44,-47,-44,-48,A1
-44,-47,-44,-48,A1
-44,-47,-44,-48,A1
-44,-47,-44,-48,A1
-44,-47,-44,-48,A1
-44,-47,-42,-58,A1
-44,-47,-42,-58,A1
-44,-47,-42,-58,A1
-44,-47,-42,-58,A1
-44,-47,-42,-58,A1
-44,-47,-42,-58,A1
-44,-47,-42,-58,A1
-44,-47,-42,-58,A1
-44,-47,-42,-58,A1
-44,-47,-42,-58,A1
-44,-47,-42,-58,A1
-44,-47,-42,-58,A1
-44,-52,-42,-48,A1
-44,-52,-42,-48,A1
-44,-52,-42,-48,A1
-44,-52,-42,-48,A1
-44,-52,-42,-48,A1
-44,-52,-42,-48,A1
-44,-52,-42,-48,A1
-44,-52,-42,-48,A1
-44,-52,-42,-48,A1
-44,-52,-42,-48,A1
-44,-52,-42,-48,A1
-44,-52,-42,-48,A1
-44,-52,-42,-48,A1
-44,-52,-42,-48,A1
-38,-42,-42,-48,A1
-38,-42,-42,-48,A1
-38,-42,-42,-48,A1
-38,-42,-42,-48,A1
-38,-42,-42,-48,A1
-38,-42,-42,-48,A1
-38,-42,-42,-48,A1
-38,-42,-42,-48,A1
-38,-42,-42,-48,A1
-40,-40,-46,-48,A2
-40,-40,-46,-48,A2
-40,-40,-46,-48,A2
-40,-40,-46,-48,A2
-40,-40,-46,-48,A2
-40,-40,-46,-48,A2
-40,-40,-46,-48,A2
-38,-54,-46,-48,A2
-38,-54,-46,-48,A2
-38,-54,-46,-48,A2
-38,-54,-46,-48,A2
-38,-54,-46,-48,A2
-38,-54,-46,-48,A2
-38,-54,-46,-48,A2
-38,-54,-46,-48,A2
-38,-54,-46,-48,A2
-38,-54,-46,-48,A2
-38,-48,-46,-50,A2
-38,-48,-46,-50,A2
-38,-48,-46,-50,A2
-38,-48,-46,-50,A2
-38,-48,-46,-50,A2
-38,-48,-46,-50,A2
-38,-48,-46,-50,A2
-38,-48,-46,-50,A2
-38,-48,-46,-50,A2
-38,-48,-46,-50,A2
-38,-48,-46,-50,A2
-38,-48,-46,-50,A2
-38,-45,-46,-50,A2
-38,-45,-46,-50,A2
-38,-45,-46,-50,A2
-38,-45,-46,-50,A2
-38,-45,-46,-50,A2
-38,-45,-41,-50,A2
-38,-45,-41,-50,A2
-38,-45,-41,-50,A2
-38,-45,-41,-50,A2
-36,-45,-61,-50,A2
-36,-45,-61,-50,A2
-36,-45,-61,-50,A2
-36,-46,-45,-51,A2
-36,-46,-45,-51,A2
-36,-46,-45,-51,A2
-36,-46,-45,-51,A2
-36,-46,-45,-51,A2
-36,-46,-45,-51,A2
-36,-46,-45,-51,A2
-36,-46,-45,-51,A2
-36,-46,-45,-51,A2
-36,-46,-45,-51,A2
-36,-46,-45,-51,A2
-36,-46,-45,-51,A2
-36,-46,-45,-51,A2
-36,-46,-45,-51,A2
-34,-51,-45,-49,A2
-34,-51,-45,-49,A2
-34,-51,-45,-49,A2
-34,-51,-45,-49,A2
-34,-51,-45,-49,A2
-34,-51,-45,-49,A2
-34,-51,-45,-49,A2
-34,-51,-45,-49,A2
-34,-51,-45,-49,A2
-34,-51,-45,-49,A2
-34,-51,-45,-49,A2
-34,-51,-45,-49,A2
-34,-51,-45,-49,A2
-34,-51,-45,-49,A2
-34,-51,-45,-56,A2
-34,-51,-45,-56,A2
-34,-51,-45,-56,A2
-34,-51,-45,-56,A2
-34,-51,-45,-56,A2
-34,-51,-45,-56,A2
-34,-51,-45,-56,A2
-34,-51,-45,-56,A2
-34,-51,-45,-56,A2
-34,-51,-45,-56,A2
-34,-51,-45,-56,A2
-34,-51,-45,-56,A2
-34,-51,-45,-56,A2
-34,-51,-45,-56,A2
-34,-51,-45,-56,A2
-34,-51,-45,-56,A2
-34,-49,-104,-56,A2
-34,-49,-104,-56,A2
-34,-49,-104,-56,A2
-34,-49,-104,-56,A2
-34,-50,-104,-56,A2
-34,-50,-104,-56,A2
-34,-50,-104,-56,A2
-34,-50,-104,-56,A2
-34,-50,-104,-56,A2
-41,-47,-46,-51,A2
-41,-47,-46,-51,A2
-41,-47,-46,-51,A2
-41,-47,-46,-51,A2
-41,-47,-46,-51,A2
-41,-47,-46,-51,A2
-41,-47,-46,-51,A2
-41,-47,-46,-51,A2
-39,-50,-41,-52,A2
-39,-50,-41,-52,A2
-39,-50,-41,-52,A2
-39,-50,-41,-52,A2
-39,-50,-41,-52,A2
-39,-50,-41,-52,A2
-39,-50,-41,-52,A2
-39,-50,-41,-52,A2
-39,-50,-41,-52,A2
-39,-50,-41,-52,A2
-39,-50,-41,-52,A2
-46,-55,-38,-52,A2
-46,-55,-38,-52,A2
-46,-55,-38,-52,A2
-46,-55,-38,-52,A2
-46,-55,-38,-52,A2
-46,-55,-38,-52,A2
-46,-55,-47,-52,A2
-46,-55,-47,-52,A2
-46,-55,-47,-52,A2
-42,-55,-46,-52,A2
-42,-55,-46,-52,A2
-42,-55,-46,-52,A2
-42,-55,-46,-52,A2
-42,-55,-46,-52,A2
-42,-53,-41,-56,A2
-42,-53,-41,-56,A2
-42,-53,-41,-56,A2
-42,-53,-41,-53,A2
-42,-53,-41,-53,A2
-42,-53,-41,-53,A2
-42,-53,-41,-53,A2
-42,-53,-43,-53,A2
-42,-50,-47,-55,A2
-42,-50,-47,-55,A2
-42,-50,-47,-55,A2
-42,-50,-47,-55,A2
-42,-50,-47,-51,A2
-42,-50,-47,-51,A2
-42,-50,-47,-51,A2
-54,-54,-40,-55,A3
-54,-54,-40,-55,A3
-54,-54,-40,-55,A3
-53,-53,-40,-55,A3
-53,-53,-40,-55,A3
-53,-53,-40,-55,A3
-53,-53,-40,-55,A3
-53,-53,-40,-55,A3
-53,-53,-42,-52,A3
-53,-53,-42,-52,A3
-53,-53,-42,-52,A3
-53,-53,-42,-52,A3
-53,-53,-42,-52,A3
-53,-53,-42,-52,A3
-53,-53,-42,-52,A3
-53,-53,-42,-52,A3
-53,-53,-42,-52,A3
-53,-53,-42,-52,A3
-53,-53,-42,-52,A3
-53,-53,-42,-52,A3
-53,-53,-49,-52,A3
-53,-53,-49,-52,A3
-53,-53,-49,-52,A3
-53,-53,-49,-52,A3
-53,-48,-43,-52,A3
-53,-48,-43,-52,A3
-53,-48,-43,-52,A3
-53,-48,-43,-52,A3
-53,-48,-43,-52,A3
-53,-48,-43,-52,A3
-53,-48,-43,-52,A3
-53,-48,-43,-52,A3
-53,-48,-43,-52,A3
-50,-48,-44,-52,A3
-50,-48,-44,-52,A3
-50,-48,-44,-52,A3
-50,-48,-44,-52,A3
-22,-48,-41,-52,A3
-22,-48,-41,-52,A3
-22,-48,-41,-52,A3
-22,-45,-41,-55,A3
-22,-45,-41,-55,A3
-22,-45,-41,-55,A3
-22,-45,-41,-55,A3
-22,-45,-41,-55,A3
-22,-45,-41,-55,A3
-22,-47,-41,-55,A3
-22,-47,-49,-55,A3
-22,-47,-49,-55,A3
-22,-47,-49,-55,A3
-22,-47,-49,-55,A3
-44,-47,-49,-55,A3
-44,-47,-49,-55,A3
-44,-47,-49,-55,A3
-44,-47,-49,-55,A3
-44,-47,-49,-55,A3
-44,-47,-49,-55,A3
-44,-41,-40,-58,A3
-44,-41,-40,-58,A3
-44,-41,-40,-58,A3
-44,-41,-40,-58,A3
-44,-41,-40,-58,A3
-44,-41,-40,-58,A3
-44,-41,-40,-58,A3
-44,-41,-42,-58,A3
-44,-41,-42,-58,A3
-44,-41,-42,-58,A3
-44,-41,-42,-58,A3
-44,-41,-42,-58,A3
-44,-41,-42,-58,A3
-44,-41,-42,-58,A3
-44,-41,-42,-58,A3
-44,-41,-42,-58,A3
-44,-41,-42,-58,A3
-44,-41,-42,-58,A3
-44,-44,-40,-52,A3
-44,-44,-40,-52,A3
-44,-44,-40,-52,A3
-44,-44,-40,-52,A3
-44,-44,-40,-52,A3
-44,-44,-40,-52,A3
-44,-44,-40,-52,A3
-44,-44,-40,-52,A3
-44,-44,-40,-52,A3
-44,-44,-40,-52,A3
-44,-44,-40,-52,A3
-44,-44,-40,-52,A3
-44,-44,-40,-52,A3
-44,-44,-40,-52,A3
-44,-44,-40,-52,A3
-46,-44,-40,-52,A3
-46,-44,-40,-52,A3
-46,-44,-40,-52,A3
-46,-44,-40,-52,A3
-46,-44,-40,-52,A3
-46,-44,-40,-52,A3
-46,-44,-40,-52,A3
-46,-44,-39,-48,A3
-46,-44,-39,-48,A3
-46,-44,-39,-48,A3
-46,-44,-39,-48,A3
-46,-44,-39,-48,A3
-46,-44,-39,-48,A3
-46,-44,-39,-48,A3
-46,-44,-39,-48,A3
-46,-44,-43,-48,A3
-46,-44,-43,-48,A3
-46,-44,-43,-48,A3
-46,-44,-43,-48,A3
-46,-44,-43,-48,A3
-46,-44,-43,-48,A3
-46,-44,-43,-48,A3
-46,-42,-47,-48,A3
-46,-42,-47,-48,A3
-46,-42,-47,-48,A3
-46,-42,-47,-48,A3
-46,-42,-47,-48,A3
-46,-42,-47,-48,A3
-46,-42,-47,-48,A3
-39,-42,-47,-48,A3
-39,-42,-47,-48,A3
-42,-33,-42,-55,A4
-42,-33,-42,-55,A4
-42,-33,-42,-55,A4
-42,-33,-42,-55,A4
-42,-33,-42,-55,A4
-42,-33,-42,-55,A4
-42,-41,-40,-55,A4
-42,-41,-40,-55,A4
-42,-41,-40,-55,A4
-42,-41,-40,-55,A4
-42,-41,-40,-55,A4
-42,-41,-40,-55,A4
-42,-40,-43,-54,A4
-42,-40,-43,-54,A4
-42,-40,-43,-54,A4
-42,-40,-43,-54,A4
-42,-40,-43,-54,A4
-42,-52,-43,-54,A4
-42,-52,-43,-54,A4
-42,-52,-43,-54,A4
-42,-52,-43,-54,A4
-42,-52,-43,-54,A4
-42,-52,-43,-54,A4
-42,-45,-44,-54,A4
-42,-45,-44,-54,A4
-42,-45,-44,-54,A4
-42,-45,-44,-54,A4
-42,-45,-44,-54,A4
-42,-45,-44,-54,A4
-42,-45,-44,-54,A4
-42,-45,-44,-54,A4
-42,-45,-44,-54,A4
-42,-45,-44,-54,A4
-42,-45,-44,-54,A4
-42,-45,-44,-54,A4
-100,-42,-48,-47,A4
-100,-42,-48,-47,A4
-46,-42,-46,-47,A4
-46,-42,-46,-47,A4
-46,-42,-46,-47,A4
-46,-42,-46,-47,A4
-46,-42,-46,-47,A4
-46,-42,-46,-47,A4
-46,-42,-47,-47,A4
-46,-37,-54,-47,A4
-46,-37,-54,-47,A4
-46,-37,-54,-47,A4
-46,-37,-54,-47,A4
-46,-37,-54,-47,A4
-46,-37,-54,-47,A4
-46,-37,-54,-47,A4
-46,-37,-54,-47,A4
-46,-37,-54,-47,A4
-46,-37,-54,-47,A4
-46,-37,-54,-47,A4
-46,-37,-54,-47,A4
-46,-37,-54,-47,A4
-46,-37,-54,-47,A4
-46,-37,-54,-47,A4
-46,-37,-48,-47,A4
-46,-37,-48,-47,A4
-54,-44,-46,-62,A4
-54,-44,-46,-62,A4
-54,-44,-46,-62,A4
-54,-44,-46,-62,A4
-54,-44,-46,-62,A4
-54,-44,-46,-62,A4
-54,-44,-46,-62,A4
-54,-44,-46,-62,A4
-54,-44,-48,-62,A4
-54,-44,-48,-62,A4
-54,-44,-48,-62,A4
-54,-44,-48,-62,A4
-54,-44,-25,-58,A4
-54,-44,-25,-58,A4
-54,-44,-25,-58,A4
-54,-40,-49,-52,A4
-54,-40,-49,-52,A4
-54,-40,-49,-52,A4
-54,-40,-52,-52,A4
-54,-40,-52,-52,A4
-54,-40,-52,-52,A4
-54,-40,-52,-52,A4
-54,-40,-52,-52,A4
-54,-40,-52,-52,A4
-54,-40,-52,-52,A4
-54,-40,-52,-52,A4
-54,-40,-52,-52,A4
-54,-40,-52,-52,A4
-54,-40,-52,-52,A4
-54,-40,-52,-52,A4
-54,-40,-52,-52,A4
-54,-40,-52,-52,A4
-54,-40,-52,-52,A4
-51,-41,-45,-61,A5
-51,-38,-48,-10,A5
-51,-38,-48,-10,A5
-51,-38,-48,-10,A5
-51,-38,-48,-10,A5
-51,-38,-48,-10,A5
-51,-38,-48,-10,A5
-49,-38,-48,-10,A5
-49,-38,-48,-10,A5
-49,-38,-48,-10,A5
-49,-38,-48,-10,A5
-49,-38,-48,-10,A5
-49,-38,-48,-10,A5
-49,-38,-48,-10,A5
-49,-38,-48,-10,A5
-49,-38,-48,-10,A5
-49,-41,-48,-10,A5
-49,-41,-48,-10,A5
-49,-41,-48,-10,A5
-49,-41,-48,-10,A5
-49,-41,-48,-10,A5
-49,-41,-48,-10,A5
-49,-40,-46,-60,A5
-49,-40,-46,-60,A5
-49,-40,-46,-60,A5
-49,-40,-46,-60,A5
-49,-40,-46,-60,A5
-49,-40,-46,-60,A5
-49,-40,-46,-60,A5
-49,-40,-46,-60,A5
-49,-40,-46,-60,A5
-49,-40,-46,-60,A5
-49,-40,-46,-60,A5
-49,-40,-46,-60,A5
-49,-43,-46,-60,A5
-49,-43,-46,-60,A5
-49,-43,-46,-60,A5
-52,-43,-46,-60,A5
-52,-43,-46,-60,A5
-52,-43,-46,-60,A5
-52,-43,-46,-60,A5
-52,-43,-46,-60,A5
-52,-43,-46,-60,A5
-52,-43,-46,-60,A5
-52,-43,-46,-60,A5
-52,-43,-46,-60,A5
-52,-43,-46,-60,A5
-52,-36,-43,-66,A5
-52,-36,-43,-66,A5
-52,-36,-43,-66,A5
-52,-36,-43,-66,A5
-52,-36,-43,-66,A5
-52,-36,-43,-66,A5
-52,-36,-43,-66,A5
-52,-36,-43,-66,A5
-52,-36,-43,-66,A5
-52,-36,-43,-66,A5
-52,-36,-43,-66,A5
-52,-36,-43,-66,A5
-52,-36,-43,-66,A5
-52,-36,-43,-66,A5
-52,-36,-43,-66,A5
-52,-36,-43,-66,A5
-52,-36,-43,-66,A5
-52,-36,-43,-66,A5
-52,-36,-43,-66,A5
-52,-36,-43,-66,A5
-52,-36,-43,-66,A5
-52,-36,-43,-66,A5
-52,-37,-48,-66,A5
-52,-37,-48,-66,A5
-52,-37,-48,-66,A5
-52,-37,-48,-66,A5
-52,-37,-48,-66,A5
-52,-37,-48,-66,A5
-52,-37,-48,-66,A5
-52,-37,-48,-66,A5
-52,-37,-48,-66,A5
-52,-37,-48,-66,A5
-52,-37,-48,-66,A5
-53,-44,-44,-66,A5
-53,-44,-44,-66,A5
-53,-44,-44,-66,A5
-53,-44,-44,-66,A5
-53,-44,-44,-66,A5
-53,-44,-44,-66,A5
-47,-44,-44,-66,A5
-47,-44,-44,-66,A5
-47,-44,-44,-66,A5
-47,-44,-44,-66,A5
-47,-44,-44,-66,A5
-47,-44,-44,-66,A5
-47,-44,-42,-59,A5
-47,-44,-42,-59,A5
-47,-44,-42,-59,A5
-47,-44,-42,-59,A5
-47,-39,-42,-62,A5
-47,-39,-42,-62,A5
-47,-39,-42,-62,A5
-47,-39,-42,-62,A5
-47,-36,-44,-62,A5
-47,-36,-44,-62,A5
-47,-36,-44,-62,A5
-47,-36,-44,-62,A5
-47,-36,-44,-62,A5
-47,-36,-44,-62,A5
-47,-36,-44,-62,A5
-47,-36,-44,-62,A5
-47,-36,-44,-62,A5
-49,-51,-44,-58,B5
-49,-51,-44,-58,B5
-49,-51,-44,-58,B5
-49,-51,-44,-58,B5
-49,-51,-44,-58,B5
-49,-51,-44,-58,B5
-49,-51,-44,-58,B5
-49,-51,-44,-58,B5
-49,-51,-44,-58,B5
-49,-51,-44,-58,B5
-49,-51,-44,-58,B5
-49,-51,-44,-56,B5
-49,-51,-44,-56,B5
-49,-51,-44,-56,B5
-49,-51,-44,-56,B5
-49,-51,-44,-56,B5
-49,-51,-44,-56,B5
-49,-51,-44,-56,B5
-49,-51,-44,-56,B5
-49,-51,-44,-56,B5
-49,-51,-44,-56,B5
-49,-51,-44,-56,B5
-49,-51,-44,-56,B5
-49,-51,-44,-56,B5
-49,-51,-44,-56,B5
-49,-51,-43,-56,B5
-49,-51,-43,-56,B5
-49,-51,-43,-56,B5
-49,-51,-43,-56,B5
-49,-51,-43,-56,B5
-49,-51,-43,-56,B5
-49,-51,-43,-56,B5
-49,-51,-43,-56,B5
-49,-51,-43,-56,B5
-48,-51,-43,-58,B5
-48,-51,-43,-58,B5
-48,-51,-43,-58,B5
-48,-51,-43,-58,B5
-48,-51,-43,-58,B5
-48,-51,-43,-58,B5
-48,-51,-43,-58,B5
-48,-51,-43,-58,B5
-48,-41,-43,-57,B5
-48,-41,-43,-57,B5
-48,-41,-43,-57,B5
-48,-41,-43,-57,B5
-48,-41,-43,-57,B5
-48,-41,-43,-57,B5
-48,-41,-43,-57,B5
-48,-41,-43,-57,B5
-48,-49,-42,-57,B5
-48,-49,-42,-57,B5
-48,-49,-42,-57,B5
-48,-49,-42,-57,B5
-48,-49,-42,-57,B5
-48,-49,-42,-57,B5
-48,-49,-42,-57,B5
-48,-49,-42,-57,B5
-48,-49,-42,-57,B5
-48,-49,-43,-57,B5
-48,-49,-43,-57,B5
-48,-49,-43,-57,B5
-48,-49,-43,-57,B5
-48,-49,-43,-57,B5
-48,-49,-43,-57,B5
-48,-49,-43,-57,B5
-48,-49,-43,-57,B5
-48,-49,-43,-57,B5
-48,-49,-43,-57,B5
-51,-49,-44,-57,B5
-51,-49,-44,-57,B5
-51,-49,-44,-57,B5
-51,-49,-44,-57,B5
-51,-49,-44,-57,B5
-51,-49,-44,-57,B5
-51,-49,-44,-57,B5
-51,-49,-44,-57,B5
-51,-49,-44,-57,B5
-51,-49,-41,-57,B5
-51,-49,-41,-57,B5
-51,-49,-41,-57,B5
-51,-49,-41,-57,B5
-51,-49,-41,-57,B5
-51,-49,-41,-57,B5
-51,-49,-41,-57,B5
-51,-49,-41,-57,B5
-51,-49,-41,-57,B5
-51,-49,-41,-57,B5
-51,-41,-41,-57,B5
-51,-41,-41,-57,B5
-51,-41,-41,-57,B5
-51,-41,-41,-57,B5
-51,-41,-41,-57,B5
-51,-41,-41,-57,B5
-51,-41,-41,-57,B5
-51,-41,-41,-57,B5
-51,-41,-41,-57,B5
-51,-41,-41,-57,B5
-51,-41,-41,-57,B5
-51,-41,-41,-57,B5
-51,-41,-41,-57,B5
-42,-41,-47,-60,B4
-42,-41,-47,-60,B4
-42,-41,-47,-60,B4
-42,-41,-47,-60,B4
-42,-41,-47,-60,B4
-42,-41,-47,-60,B4
-42,-41,-47,-60,B4
-42,-41,-47,-60,B4
-42,-41,-47,-56,B4
-42,-41,-47,-56,B4
-42,-41,-47,-56,B4
-42,-41,-47,-56,B4
-42,-41,-47,-56,B4
-42,-41,-47,-56,B4
-42,-41,-47,-56,B4
-42,-41,-47,-56,B4
-42,-41,-47,-56,B4
-42,-41,-47,-56,B4
-42,-41,-47,-56,B4
-42,-41,-47,-56,B4
-42,-41,-47,-56,B4
-42,-41,-47,-56,B4
-42,-41,-47,-56,B4
-42,-41,-47,-56,B4
-42,-41,-47,-56,B4
-42,-41,-47,-56,B4
-42,-47,-45,-56,B4
-42,-47,-45,-56,B4
-42,-47,-45,-56,B4
-42,-47,-45,-56,B4
-42,-47,-45,-56,B4
-42,-47,-45,-56,B4
-42,-47,-45,-56,B4
-42,-47,-45,-56,B4
-42,-47,-45,-56,B4
-42,-47,-45,-56,B4
-42,-47,-45,-56,B4
-42,-47,-45,-56,B4
-42,-47,-45,-56,B4
-42,-47,-45,-56,B4
-42,-47,-45,-56,B4
-42,-47,-45,-56,B4
-42,-47,-45,-56,B4
-42,-43,-49,-58,B4
-42,-43,-49,-58,B4
-42,-43,-49,-58,B4
-42,-43,-49,-58,B4
-42,-43,-49,-58,B4
-42,-43,-49,-58,B4
-42,-43,-49,-58,B4
-42,-43,-49,-58,B4
-42,-43,-49,-58,B4
-42,-43,-49,-58,B4
-42,-43,-49,-58,B4
-42,-43,-49,-58,B4
-42,-43,-49,-58,B4
-42,-43,-49,-58,B4
-42,-43,-49,-58,B4
-42,-43,-49,-58,B4
-42,-43,-49,-58,B4
-42,-43,-49,-58,B4
-42,-41,-49,-58,B4
-42,-41,-49,-58,B4
-42,-41,-49,-58,B4
-42,-41,-49,-58,B4
-42,-41,-49,-58,B4
-42,-41,-49,-58,B4
-42,-41,-49,-58,B4
-42,-41,-49,-58,B4
-42,-41,-49,-58,B4
-42,-41,-49,-58,B4
-47,-41,-49,-58,B4
-47,-41,-49,-58,B4
-47,-41,-49,-58,B4
-47,-41,-49,-58,B4
-47,-41,-49,-58,B4
-47,-37,-51,-58,B4
-47,-37,-51,-58,B4
-47,-37,-51,-58,B4
-47,-37,-51,-58,B4
-47,-37,-51,-53,B4
-47,-37,-51,-53,B4
-47,-37,-51,-53,B4
-47,-37,-51,-53,B4
-47,-37,-51,-53,B4
-47,-37,-51,-53,B4
-47,-37,-51,-53,B4
-47,-37,-51,-53,B4
-47,-37,-51,-53,B4
-47,-52,-41,-53,B4
-47,-52,-41,-53,B4
-47,-52,-41,-53,B4
-47,-52,-41,-53,B4
-47,-52,-41,-53,B4
-47,-52,-41,-53,B4
-47,-52,-41,-53,B4
-47,-52,-41,-53,B4
-47,-52,-41,-53,B4
-47,-52,-41,-53,B4
-47,-52,-41,-53,B4
-47,-52,-41,-53,B4
-47,-52,-41,-53,B4
-46,-52,-41,-62,B3
-46,-52,-41,-62,B3
-46,-52,-41,-62,B3
-46,-52,-41,-62,B3
-46,-52,-41,-62,B3
-46,-52,-41,-62,B3
-46,-52,-41,-62,B3
-46,-52,-41,-62,B3
-46,-52,-41,-62,B3
-46,-52,-41,-62,B3
-46,-52,-41,-62,B3
-46,-52,-41,-62,B3
-46,-52,-41,-62,B3
-46,-52,-41,-62,B3
-46,-52,-41,-62,B3
-46,-52,-41,-62,B3
-46,-52,-41,-62,B3
-46,-52,-41,-62,B3
-46,-52,-41,-62,B3
-46,-52,-41,-62,B3
-46,-52,-41,-62,B3
-46,-52,-41,-62,B3
-46,-52,-47,-62,B3
-46,-52,-47,-62,B3
-46,-52,-47,-62,B3
-46,-52,-47,-62,B3
-46,-52,-47,-62,B3
-46,-52,-47,-62,B3
-46,-52,-47,-62,B3
-46,-52,-47,-62,B3
-46,-52,-47,-62,B3
-46,-52,-47,-62,B3
-46,-52,-47,-62,B3
-46,-52,-47,-62,B3
-46,-52,-47,-62,B3
-46,-52,-47,-62,B3
-46,-52,-47,-62,B3
-46,-52,-47,-62,B3
-46,-52,-47,-62,B3
-46,-52,-47,-62,B3
-46,-52,-35,-62,B3
-46,-52,-35,-62,B3
-46,-52,-35,-62,B3
-46,-52,-35,-62,B3
-46,-52,-35,-62,B3
-46,-52,-35,-62,B3
-46,-52,-35,-62,B3
-46,-52,-35,-62,B3
-51,-54,-36,-60,B3
-51,-54,-36,-60,B3
-51,-54,-36,-60,B3
-51,-54,-36,-60,B3
-51,-54,-36,-60,B3
-51,-54,-36,-60,B3
-51,-54,-36,-60,B3
-51,-54,-36,-60,B3
-51,-54,-36,-60,B3
-51,-54,-36,-60,B3
-51,-54,-36,-60,B3
-51,-54,-36,-60,B3
-51,-54,-36,-60,B3
-51,-54,-36,-53,B3
-51,-54,-36,-53,B3
-51,-54,-36,-53,B3
-51,-54,-36,-53,B3
-51,-54,-36,-53,B3
-51,-54,-36,-53,B3
-51,-54,-36,-53,B3
-51,-54,-36,-53,B3
-51,-54,-36,-53,B3
-51,-54,-36,-53,B3
-51,-54,-36,-53,B3
-51,-54,-36,-53,B3
-51,-50,-36,-53,B3
-51,-50,-36,-53,B3
-51,-50,-36,-53,B3
-51,-50,-36,-53,B3
-51,-50,-36,-53,B3
-51,-50,-36,-53,B3
-51,-50,-36,-53,B3
-51,-50,-36,-53,B3
-51,-50,-36,-53,B3
-51,-50,-36,-53,B3
-51,-50,-36,-53,B3
-51,-50,-36,-53,B3
-51,-50,-36,-53,B3
-51,-50,-36,-53,B3
-51,-50,-36,-53,B3
-51,-50,-36,-53,B3
-51,-50,-36,-53,B3
-51,-50,-36,-53,B3
-51,-50,-45,-58,B3
-51,-50,-45,-58,B3
-51,-50,-45,-58,B3
-51,-50,-45,-58,B3
-51,-50,-45,-58,B3
-51,-50,-45,-58,B3
-51,-50,-45,-58,B3
-42,-47,-52,-53,B2
-42,-47,-52,-53,B2
-42,-47,-52,-53,B2
-42,-47,-51,-53,B2
-42,-47,-51,-53,B2
-42,-47,-51,-53,B2
-42,-47,-51,-53,B2
-42,-47,-39,-53,B2
-42,-47,-39,-53,B2
-42,-47,-39,-53,B2
-42,-47,-39,-53,B2
-42,-47,-39,-53,B2
-42,-47,-39,-53,B2
-42,-47,-39,-53,B2
-42,-47,-39,-53,B2
-40,-47,-50,-55,B2
-40,-47,-50,-55,B2
-40,-47,-50,-55,B2
-40,-47,-50,-55,B2
-40,-47,-50,-55,B2
-40,-47,-50,-55,B2
-40,-47,-50,-55,B2
-40,-47,-50,-55,B2
-40,-47,-50,-55,B2
-40,-47,-50,-55,B2
-40,-47,-50,-55,B2
-40,-47,-50,-55,B2
-40,-47,-50,-55,B2
-40,-47,-50,-55,B2
-40,-47,-50,-55,B2
-40,-47,-50,-55,B2
-40,-47,-50,-55,B2
-40,-47,-50,-55,B2
-40,-56,-49,-55,B2
-40,-56,-49,-55,B2
-40,-56,-49,-55,B2
-40,-56,-49,-55,B2
-40,-56,-49,-55,B2
-40,-56,-46,-55,B2
-40,-56,-46,-55,B2
-40,-56,-46,-55,B2
-40,-56,-46,-55,B2
-40,-56,-46,-55,B2
-40,-56,-46,-55,B2
-40,-56,-46,-55,B2
-40,-56,-46,-55,B2
-40,-56,-46,-55,B2
-40,-56,-46,-55,B2
-40,-56,-46,-55,B2
-40,-56,-46,-55,B2
-40,-56,-46,-55,B2
-40,-56,-46,-55,B2
-40,-56,-46,-55,B2
-40,-56,-46,-55,B2
-40,-56,-46,-55,B2
-40,-56,-46,-55,B2
-40,-56,-46,-55,B2
-40,-57,-46,-54,B2
-40,-57,-46,-54,B2
-40,-57,-46,-54,B2
-40,-57,-46,-54,B2
-40,-57,-46,-54,B2
-40,-57,-46,-54,B2
-40,-57,-46,-54,B2
-40,-57,-46,-54,B2
-40,-57,-46,-54,B2
-40,-57,-46,-54,B2
-40,-57,-46,-54,B2
-40,-57,-46,-54,B2
-40,-51,-46,-50,B2
-40,-51,-46,-50,B2
-40,-51,-46,-50,B2
-40,-51,-46,-50,B2
-40,-51,-46,-50,B2
-40,-54,-46,-48,B2
-40,-54,-46,-48,B2
-44,-54,-36,-46,B2
-44,-54,-36,-46,B2
-44,-54,-36,-46,B2
-44,-54,-36,-46,B2
-44,-54,-36,-46,B2
-44,-54,-36,-46,B2
-44,-54,-36,-46,B2
-44,-54,-36,-46,B2
-44,-54,-36,-46,B2
-44,-54,-36,-46,B2
-44,-54,-36,-46,B2
-44,-54,-36,-46,B2
-44,-54,-36,-46,B2
-44,-54,-36,-46,B2
-44,-54,-36,-46,B2
-44,-54,-36,-46,B2
-44,-54,-36,-46,B2
-44,-54,-36,-46,B2
-50,-54,-42,-50,B2
-50,-54,-42,-50,B2
-50,-54,-42,-50,B2
-50,-54,-42,-50,B2
-50,-54,-42,-50,B2
-50,-54,-42,-50,B2
-36,-54,-41,-50,B1
-36,-54,-41,-50,B1
-36,-54,-41,-50,B1
-36,-54,-41,-50,B1
-36,-54,-41,-50,B1
-36,-54,-41,-50,B1
-36,-54,-41,-50,B1
-36,-54,-41,-50,B1
-36,-53,-7,-50,B1
-36,-53,-7,-50,B1
-36,-53,-7,-50,B1
-36,-53,-7,-50,B1
-36,-53,-42,-46,B1
-36,-53,-42,-46,B1
-36,-53,-42,-46,B1
-36,-53,-42,-46,B1
-36,-53,-42,-46,B1
-36,-53,-42,-46,B1
-36,-53,-42,-46,B1
-36,-53,-42,-46,B1
-36,-53,-42,-46,B1
-36,-53,-42,-46,B1
-36,-53,-42,-46,B1
-36,-53,-42,-46,B1
-36,-53,-42,-46,B1
-48,-61,-42,-56,B1
-48,-61,-42,-56,B1
-48,-61,-42,-56,B1
-48,-61,-42,-56,B1
-48,-61,-42,-56,B1
-48,-61,-42,-56,B1
-48,-61,-42,-56,B1
-48,-61,-42,-56,B1
-48,-61,-42,-56,B1
-48,-61,-42,-56,B1
-48,-61,-42,-56,B1
-48,-61,-42,-56,B1
-48,-61,-42,-56,B1
-48,-61,-42,-56,B1
-48,-61,-42,-56,B1
-48,-61,-42,-56,B1
-49,-63,-41,-58,B1
-49,-63,-41,-58,B1
-49,-63,-41,-58,B1
-49,-63,-41,-58,B1
-49,-63,-41,-58,B1
-49,-63,-41,-58,B1
-49,-63,-41,-58,B1
-49,-63,-41,-58,B1
-49,-63,-41,-58,B1
-49,-63,-41,-58,B1
-49,-63,-41,-58,B1
-49,-63,-41,-58,B1
-49,-63,-41,-58,B1
-49,-63,-41,-58,B1
-49,-63,-41,-58,B1
-49,-63,-41,-58,B1
-49,-63,-41,-58,B1
-49,-63,-41,-58,B1
-49,-50,-41,-47,B1
-49,-50,-41,-47,B1
-49,-50,-41,-47,B1
-49,-50,-41,-47,B1
-49,-50,-41,-47,B1
-49,-50,-41,-47,B1
-49,-50,-41,-47,B1
-49,-50,-41,-47,B1
-49,-50,-41,-47,B1
-49,-50,-41,-47,B1
-49,-50,-41,-47,B1
-49,-50,-41,-47,B1
-49,-50,-41,-47,B1
-49,-50,-41,-47,B1
-49,-50,-41,-47,B1
-49,-50,-41,-47,B1
-49,-50,-41,-47,B1
-47,-51,-52,-51,B1
-47,-51,-52,-51,B1
-47,-51,-52,-51,B1
-47,-51,-52,-51,B1
-47,-51,-52,-51,B1
-47,-51,-52,-51,B1
-47,-51,-52,-51,B1
-47,-51,-52,-51,B1
-47,-51,-39,-51,B1
-47,-51,-39,-51,B1
-47,-51,-39,-51,B1
-47,-51,-39,-51,B1
-47,-51,-39,-51,B1
-47,-51,-39,-51,B1
-47,-51,-39,-51,B1
-47,-51,-39,-51,B1
-47,-51,-39,-51,B1
-47,-51,-39,-51,B1
-47,-51,-39,-51,B1
-47,-51,-39,-51,B1
-47,-51,-39,-51,B1
-47,-51,-39,-51,B1
-47,-51,-39,-51,B1
-47,-51,-39,-51,B1
-53,-46,-45,-45,C1
-53,-46,-45,-45,C1
-53,-46,-45,-45,C1
-53,-46,-45,-45,C1
-53,-46,-45,-45,C1
-53,-46,-45,-45,C1
-53,-46,-45,-45,C1
-53,-46,-45,-45,C1
-53,-46,-45,-45,C1
-53,-46,-45,-45,C1
-53,-46,-45,-45,C1
-53,-46,-45,-45,C1
-51,-45,-44,-46,C1
-51,-45,-44,-46,C1
-51,-45,-44,-46,C1
-51,-45,-44,-46,C1
-51,-45,-44,-46,C1
-51,-45,-44,-46,C1
-51,-45,-44,-46,C1
-51,-45,-44,-46,C1
-51,-45,-44,-46,C1
-51,-45,-44,-46,C1
-51,-45,-44,-46,C1
-51,-45,-44,-51,C1
-51,-45,-44,-51,C1
-51,-45,-44,-51,C1
-51,-45,-44,-51,C1
-51,-45,-44,-51,C1
-51,-45,-44,-51,C1
-51,-45,-44,-51,C1
-51,-45,-44,-51,C1
-51,-45,-44,-51,C1
-51,-45,-44,-51,C1
-51,-45,-44,-51,C1
-51,-45,-44,-51,C1
-51,-45,-44,-51,C1
-43,-45,-52,-51,C1
-43,-45,-52,-51,C1
-43,-45,-52,-51,C1
-43,-45,-52,-51,C1
-43,-45,-52,-51,C1
-43,-45,-52,-51,C1
-43,-45,-52,-51,C1
-43,-45,-52,-51,C1
-43,-45,-52,-51,C1
-43,-45,-52,-51,C1
-43,-45,-52,-51,C1
-43,-45,-52,-51,C1
-43,-45,-52,-51,C1
-43,-45,-52,-51,C1
-43,-45,-51,-51,C1
-43,-45,-51,-51,C1
-43,-45,-51,-51,C1
-43,-45,-51,-51,C1
-43,-45,-51,-51,C1
-43,-45,-51,-51,C1
-50,-53,-56,-42,C1
-50,-53,-56,-42,C1
-50,-53,-56,-42,C1
-50,-53,-56,-42,C1
-50,-53,-62,-39,C1
-50,-53,-62,-39,C1
-50,-53,-62,-39,C1
-50,-53,-62,-39,C1
-50,-53,-62,-39,C1
-50,-53,-62,-39,C1
-50,-53,-62,-39,C1
-50,-53,-62,-39,C1
-50,-53,-62,-39,C1
-50,-53,-62,-39,C1
-50,-53,-62,-39,C1
-50,-53,-62,-39,C1
-50,-53,-62,-39,C1
-50,-53,-62,-39,C1
-50,-53,-62,-39,C1
-50,-53,-62,-39,C1
-50,-53,-62,-39,C1
-50,-53,-62,-39,C1
-50,-53,-62,-39,C1
-50,-53,-62,-43,C1
-50,-53,-62,-43,C1
-50,-53,-62,-43,C1
-50,-53,-62,-43,C1
-50,-53,-62,-43,C1
-50,-53,-62,-43,C1
-50,-53,-62,-43,C1
-50,-53,-62,-43,C1
-50,-53,-62,-43,C1
-50,-53,-62,-43,C1
-50,-53,-62,-43,C1
-50,-53,-62,-43,C1
-50,-53,-49,-43,C1
-50,-53,-49,-43,C1
-50,-53,-49,-43,C1
-50,-53,-49,-43,C1
-50,-53,-49,-43,C1
-50,-53,-49,-43,C1
-50,-53,-49,-43,C1
-50,-53,-49,-43,C1
-50,-53,-49,-43,C1
-50,-53,-49,-43,C1
-50,-53,-49,-43,C1
-50,-53,-49,-43,C1
-50,-66,-51,-44,C2
-50,-66,-51,-44,C2
-50,-66,-51,-44,C2
-50,-66,-51,-44,C2
-50,-66,-51,-44,C2
-50,-66,-51,-44,C2
-50,-66,-51,-44,C2
-50,-66,-51,-44,C2
-50,-66,-51,-44,C2
-50,-66,-51,-44,C2
-50,-66,-51,-44,C2
-50,-66,-51,-44,C2
-50,-66,-51,-44,C2
-50,-66,-51,-44,C2
-50,-66,-51,-44,C2
-50,-66,-51,-44,C2
-50,-66,-51,-44,C2
-47,-48,-49,-47,C2
-47,-48,-49,-47,C2
-47,-48,-49,-47,C2
-47,-48,-49,-47,C2
-47,-48,-49,-47,C2
-47,-48,-49,-47,C2
-47,-48,-49,-47,C2
-47,-48,-49,-47,C2
-47,-48,-49,-47,C2
-47,-48,-49,-47,C2
-47,-48,-49,-47,C2
-47,-48,-49,-47,C2
-47,-48,-49,-47,C2
-47,-48,-49,-48,C2
-47,-48,-49,-48,C2
-47,-48,-49,-48,C2
-47,-48,-49,-48,C2
-47,-48,-49,-48,C2
-47,-48,-49,-48,C2
-47,-48,-49,-48,C2
-47,-48,-49,-48,C2
-47,-48,-49,-48,C2
-47,-48,-49,-48,C2
-47,-47,-54,-48,C2
-47,-47,-54,-48,C2
-47,-47,-54,-48,C2
-47,-47,-54,-50,C2
-47,-47,-54,-50,C2
-47,-47,-54,-50,C2
-47,-47,-54,-50,C2
-47,-47,-54,-50,C2
-47,-47,-54,-50,C2
-47,-47,-54,-50,C2
-47,-48,-39,-52,C2
-47,-48,-39,-52,C2
-47,-48,-39,-52,C2
-47,-48,-39,-52,C2
-47,-48,-39,-52,C2
-47,-48,-39,-52,C2
-47,-48,-39,-52,C2
-47,-48,-39,-52,C2
-47,-48,-39,-52,C2
-47,-48,-39,-52,C2
-47,-48,-39,-52,C2
-47,-51,-39,-58,C2
-47,-51,-39,-58,C2
-47,-51,-39,-58,C2
-47,-51,-39,-58,C2
-47,-51,-39,-58,C2
-47,-51,-39,-58,C2
-47,-51,-39,-58,C2
-47,-51,-39,-58,C2
-47,-51,-39,-58,C2
-47,-48,-39,-50,C2
-47,-48,-39,-50,C2
-47,-48,-39,-50,C2
-47,-48,-39,-50,C2
-47,-48,-39,-50,C2
-47,-48,-39,-50,C2
-47,-48,-39,-50,C2
-47,-48,-39,-50,C2
-47,-48,-39,-50,C2
-54,-44,-41,-50,C2
-54,-44,-41,-50,C2
-54,-44,-41,-50,C2
-54,-44,-41,-50,C2
-54,-44,-41,-50,C2
-54,-44,-41,-50,C2
-54,-44,-41,-50,C2
-54,-44,-41,-50,C2
-54,-44,-41,-50,C2
-54,-44,-41,-50,C2
-54,-44,-41,-50,C2
-54,-44,-41,-50,C2
-54,-44,-41,-50,C2
-54,-44,-41,-50,C2
-54,-44,-41,-50,C2
-54,-44,-11,-50,C2
-54,-44,-11,-50,C2
-54,-44,-11,-37,C2
-54,-44,-11,-37,C2
-54,-44,-11,-37,C2
-54,-44,-11,-37,C2
-52,-61,-35,-56,C3
-52,-61,-35,-56,C3
-52,-61,-35,-56,C3
-52,-61,-35,-56,C3
-52,-51,-35,-50,C3
-52,-51,-35,-50,C3
-52,-51,-35,-50,C3
-52,-51,-35,-50,C3
-52,-51,-35,-50,C3
-52,-51,-35,-50,C3
-52,-51,-35,-50,C3
-52,-51,-35,-50,C3
-52,-51,-35,-50,C3
-52,-51,-35,-50,C3
-52,-51,-35,-50,C3
-52,-51,-35,-50,C3
-50,-57,-50,-58,C3
-50,-57,-50,-58,C3
-50,-57,-50,-58,C3
-50,-57,-50,-58,C3
-50,-57,-50,-58,C3
-50,-57,-50,-58,C3
-50,-57,-50,-58,C3
-50,-57,-50,-58,C3
-50,-57,-50,-58,C3
-50,-57,-50,-58,C3
-50,-57,-50,-58,C3
-50,-50,-50,-57,C3
-50,-50,-50,-57,C3
-50,-50,-50,-57,C3
-50,-50,-50,-57,C3
-50,-50,-50,-57,C3
-50,-50,-50,-57,C3
-50,-50,-50,-57,C3
-50,-50,-50,-48,C3
-50,-50,-50,-48,C3
-50,-50,-50,-48,C3
-50,-50,-50,-48,C3
-50,-50,-50,-48,C3
-50,-50,-50,-48,C3
-50,-50,-50,-48,C3
-50,-50,-50,-48,C3
-50,-54,-37,-48,C3
-50,-54,-37,-48,C3
-50,-54,-37,-48,C3
-50,-54,-37,-48,C3
-50,-54,-37,-48,C3
-50,-54,-37,-48,C3
-50,-54,-37,-48,C3
-50,-54,-37,-48,C3
-51,-53,-46,-51,C3
-51,-53,-46,-51,C3
-51,-49,-37,-58,C3
-51,-49,-37,-58,C3
-51,-49,-37,-58,C3
-51,-49,-37,-58,C3
-51,-49,-37,-58,C3
-51,-49,-37,-58,C3
-51,-49,-37,-58,C3
-51,-49,-37,-58,C3
-51,-49,-37,-58,C3
-51,-49,-37,-58,C3
-51,-49,-37,-58,C3
-51,-49,-37,-58,C3
-51,-49,-37,-58,C3
-51,-49,-37,-58,C3
-51,-49,-37,-58,C3
-52,-52,-40,-49,C3
-52,-52,-40,-49,C3
-52,-52,-40,-49,C3
-52,-52,-38,-49,C3
-52,-52,-38,-49,C3
-52,-52,-38,-49,C3
-52,-52,-38,-49,C3
-52,-52,-38,-49,C3
-52,-52,-38,-49,C3
-52,-52,-38,-49,C3
-52,-52,-38,-49,C3
-50,-52,-37,-49,C3
-50,-52,-37,-49,C3
-50,-52,-37,-49,C3
-50,-52,-37,-49,C3
-50,-52,-37,-49,C3
-50,-52,-37,-49,C3
-50,-44,-37,-53,C3
-50,-44,-37,-53,C3
-50,-44,-37,-53,C3
-50,-44,-37,-53,C3
-50,-44,-37,-53,C3
-50,-44,-37,-53,C3
-50,-44,-37,-53,C3
-50,-44,-37,-53,C3
-50,-44,-50,-53,C3
-50,-44,-50,-53,C3
-50,-44,-50,-53,C3
-50,-44,-50,-53,C3
-50,-44,-50,-53,C3
-50,-44,-50,-53,C3
-50,-44,-50,-53,C3
-50,-44,-50,-53,C3
-45,-55,-39,-61,C4
-45,-55,-39,-61,C4
-45,-55,-39,-61,C4
-45,-55,-39,-61,C4
-45,-55,-39,-61,C4
-45,-55,-39,-61,C4
-45,-55,-39,-61,C4
-45,-55,-39,-61,C4
-45,-55,-39,-61,C4
-45,-55,-39,-61,C4
-45,-55,-39,-61,C4
-45,-55,-39,-61,C4
-45,-55,-39,-61,C4
-45,-55,-39,-61,C4
-45,-55,-39,-61,C4
-45,-49,-35,-56,C4
-45,-49,-35,-56,C4
-45,-49,-35,-56,C4
-45,-49,-35,-56,C4
-45,-49,-35,-56,C4
-45,-49,-35,-56,C4
-45,-49,-35,-56,C4
-45,-49,-35,-56,C4
-45,-49,-35,-56,C4
-45,-49,-35,-56,C4
-45,-49,-35,-56,C4
-45,-49,-35,-56,C4
-45,-49,-35,-56,C4
-45,-52,-62,-52,C4
-45,-52,-62,-52,C4
-45,-52,-62,-52,C4
-45,-52,-62,-52,C4
-45,-52,-62,-52,C4
-45,-52,-62,-52,C4
-45,-52,-62,-52,C4
-45,-52,-62,-52,C4
-45,-52,-62,-52,C4
-45,-52,-62,-52,C4
-45,-52,-62,-52,C4
-45,-52,-62,-52,C4
-45,-52,-62,-52,C4
-45,-52,-62,-52,C4
-45,-52,-62,-52,C4
-45,-52,-62,-52,C4
-45,-44,-62,-48,C4
-45,-44,-62,-48,C4
-45,-44,-62,-48,C4
-45,-44,-62,-48,C4
-45,-44,-62,-48,C4
-45,-44,-62,-48,C4
-45,-44,-62,-48,C4
-45,-44,-62,-48,C4
-45,-44,-62,-48,C4
-45,-44,-62,-48,C4
-45,-44,-62,-48,C4
-45,-44,-62,-48,C4
-45,-44,-62,-48,C4
-45,-44,-62,-48,C4
-45,-44,-62,-48,C4
-45,-44,-62,-48,C4
-45,-44,-62,-48,C4
-45,-44,-62,-48,C4
-45,-44,-62,-48,C4
-45,-44,-62,-48,C4
-45,-44,-62,-48,C4
-45,-44,-62,-48,C4
-45,-53,-30,-48,C4
-45,-53,-30,-48,C4
-100,-36,-47,-55,C4
-100,-36,-47,-55,C4
-100,-36,-47,-55,C4
-100,-36,-47,-55,C4
-100,-36,-47,-55,C4
-100,-36,-47,-55,C4
-100,-36,-47,-55,C4
-100,-36,-47,-55,C4
-100,-36,-47,-55,C4
-100,-36,-47,-55,C4
-100,-36,-47,-55,C4
-100,-36,-47,-55,C4
-100,-36,-47,-55,C4
-100,-36,-47,-55,C4
-100,-36,-47,-55,C4
-100,-36,-47,-55,C4
-100,-46,-47,-55,C4
-100,-46,-47,-55,C4
-100,-46,-47,-55,C4
-100,-46,-47,-55,C4
-100,-46,-47,-55,C4
-100,-46,-47,-55,C4
-100,-46,-47,-55,C4
-100,-46,-47,-55,C4
-100,-46,-47,-55,C4
-100,-46,-47,-55,C4
-100,-46,-47,-55,C4
-100,-46,-47,-55,C4
-100,-46,-47,-55,C4
-100,-46,-47,-55,C4
-100,-46,-47,-55,C4
-100,-46,-47,-55,C4
-100,-46,-47,-55,C4
-57,-57,-38,-57,C5
-57,-57,-38,-57,C5
-57,-57,-38,-57,C5
-57,-57,-38,-57,C5
-57,-57,-38,-57,C5
-57,-57,-38,-57,C5
-57,-57,-38,-57,C5
-57,-57,-38,-57,C5
-57,-57,-38,-57,C5
-57,-57,-38,-57,C5
-57,-57,-38,-57,C5
-57,-57,-38,-57,C5
-57,-57,-38,-57,C5
-57,-57,-38,-57,C5
-57,-57,-38,-57,C5
-56,-57,-38,-57,C5
-56,-57,-38,-57,C5
-56,-57,-38,-57,C5
-56,-57,-38,-57,C5
-56,-57,-38,-57,C5
-45,-38,-40,-100,C5
-45,-38,-40,-100,C5
-45,-38,-40,-100,C5
-45,-38,-40,-100,C5
-45,-38,-40,-100,C5
-45,-38,-40,-100,C5
-45,-38,-40,-100,C5
-45,-38,-40,-100,C5
-45,-38,-40,-100,C5
-45,-42,-39,-100,C5
-45,-42,-39,-100,C5
-45,-42,-39,-100,C5
-45,-42,-39,-100,C5
-45,-42,-39,-100,C5
-45,-42,-39,-100,C5
-45,-42,-39,-100,C5
-45,-42,-39,-100,C5
-45,-42,-39,-100,C5
-45,-42,-39,-100,C5
-45,-42,-39,-100,C5
-45,-49,-44,-100,C5
-45,-49,-44,-100,C5
-45,-49,-44,-100,C5
-45,-49,-44,-100,C5
-45,-49,-44,-100,C5
-45,-49,-44,-100,C5
-45,-49,-44,-100,C5
-45,-49,-44,-100,C5
-45,-49,-44,-100,C5
-45,-49,-44,-100,C5
-45,-49,-44,-100,C5
-45,-49,-44,-100,C5
-45,-49,-44,-100,C5
-45,-49,-44,-100,C5
-45,-49,-44,-100,C5
-45,-49,-44,-100,C5
-45,-49,-44,-100,C5
-45,-49,-44,-100,C5
-45,-49,-44,-100,C5
-45,-49,-44,-100,C5
-45,-49,-44,-100,C5
-45,-49,-44,-100,C5
-45,-49,-44,-100,C5
-45,-49,-44,-100,C5
-45,-47,-45,-100,C5
-45,-47,-45,-100,C5
-45,-47,-45,-100,C5
-45,-47,-45,-100,C5
-45,-47,-45,-100,C5
-45,-47,-45,-100,C5
-45,-47,-45,-100,C5
-45,-47,-45,-100,C5
-45,-47,-45,-100,C5
-45,-47,-45,-100,C5
-45,-47,-45,-100,C5
-45,-47,-45,-100,C5
-45,-47,-45,-100,C5
-45,-47,-45,-100,C5
-45,-47,-45,-100,C5
-45,-47,-45,-100,C5
-45,-47,-45,-100,C5
-100,-49,-45,-100,C5
-100,-49,-45,-100,C5
-100,-49,-45,-100,C5
-100,-49,-45,-100,C5
-100,-49,-45,-100,C5
-100,-49,-45,-100,C5
-100,-49,-45,-100,C5
-100,-49,-45,-100,C5
-100,-49,-45,-100,C5
-100,-49,-45,-100,C5
-100,-49,-45,-100,C5
-100,-49,-45,-100,C5
-100,-49,-45,-100,C5
-100,-49,-45,-100,C5
-100,-49,-45,-100,C5
-100,-49,-45,-100,C5
-48,-50,-36,-52,D5
-48,-50,-36,-52,D5
-48,-50,-36,-52,D5
-48,-50,-36,-52,D5
-48,-50,-36,-52,D5
-48,-50,-36,-52,D5
-48,-50,-36,-52,D5
-48,-50,-36,-52,D5
-48,-50,-36,-52,D5
-48,-50,-36,-52,D5
-48,-50,-36,-52,D5
-48,-50,-38,-52,D5
-48,-50,-38,-52,D5
-48,-50,-38,-52,D5
-48,-50,-38,-52,D5
-48,-50,-38,-52,D5
-48,-50,-38,-52,D5
-48,-50,-38,-52,D5
-48,-50,-38,-52,D5
-48,-50,-38,-52,D5
-48,-50,-38,-52,D5
-48,-50,-38,-52,D5
-48,-50,-38,-52,D5
-56,-44,-46,-52,D5
-56,-44,-46,-52,D5
-56,-44,-46,-52,D5
-56,-44,-46,-52,D5
-56,-44,-46,-52,D5
-56,-44,-46,-52,D5
-56,-44,-46,-52,D5
-56,-44,-46,-52,D5
-56,-44,-46,-52,D5
-56,-44,-46,-52,D5
-56,-49,-43,-52,D5
-56,-49,-43,-52,D5
-56,-49,-43,-52,D5
-56,-49,-43,-52,D5
-56,-49,-43,-52,D5
-56,-49,-43,-52,D5
-56,-49,-43,-52,D5
-56,-49,-43,-52,D5
-56,-49,-43,-52,D5
-56,-49,-43,-52,D5
-56,-49,-43,-52,D5
-56,-49,-43,-52,D5
-56,-49,-51,-52,D5
-56,-49,-51,-52,D5
-56,-49,-51,-52,D5
-56,-49,-51,-52,D5
-56,-49,-51,-52,D5
-56,-49,-51,-52,D5
-56,-49,-51,-52,D5
-56,-49,-51,-52,D5
-56,-49,-51,-52,D5
-56,-49,-51,-52,D5
-56,-49,-51,-52,D5
-56,-49,-51,-52,D5
-56,-49,-51,-52,D5
-56,-49,-51,-52,D5
-56,-49,-51,-52,D5
-56,-49,-51,-52,D5
-56,-49,-51,-52,D5
-56,-49,-51,-52,D5
-56,-49,-51,-52,D5
-56,-49,-51,-52,D5
-56,-49,-51,-52,D5
-56,-48,-52,-53,D5
-56,-48,-52,-53,D5
-56,-48,-52,-53,D5
-56,-48,-52,-53,D5
-56,-48,-52,-53,D5
-56,-48,-52,-53,D5
-56,-48,-52,-53,D5
-56,-48,-52,-53,D5
-56,-48,-52,-53,D5
-54,-48,-51,-50,D5
-54,-48,-51,-50,D5
-54,-48,-51,-50,D5
-54,-48,-51,-50,D5
-54,-48,-51,-50,D5
-54,-48,-51,-50,D5
-54,-48,-51,-50,D5
-54,-48,-51,-50,D5
-54,-48,-51,-50,D5
-54,-48,-51,-50,D5
-54,-48,-51,-50,D5
-54,-48,-51,-50,D5
-54,-48,-45,-55,D5
-54,-48,-45,-55,D5
-54,-48,-45,-55,D5
-54,-48,-45,-55,D5
-54,-48,-45,-55,D5
-54,-48,-45,-55,D5
-54,-48,-45,-55,D5
-54,-48,-45,-55,D5
-54,-48,-45,-55,D5
-54,-48,-53,-55,D5
-54,-48,-53,-55,D5
-54,-48,-53,-55,D5
-54,-48,-53,-55,D5
-49,-44,-50,-56,D4
-49,-44,-50,-56,D4
-49,-44,-50,-56,D4
-49,-44,-50,-56,D4
-49,-44,-50,-56,D4
-49,-44,-50,-56,D4
-49,-44,-50,-56,D4
-49,-51,-54,-47,D4
-49,-51,-54,-47,D4
-49,-51,-54,-47,D4
-49,-51,-54,-47,D4
-49,-51,-54,-47,D4
-49,-51,-54,-47,D4
-49,-51,-54,-47,D4
-49,-51,-54,-47,D4
-49,-51,-54,-47,D4
-49,-51,-54,-47,D4
-49,-51,-54,-47,D4
-49,-51,-54,-47,D4
-49,-51,-54,-47,D4
-49,-51,-54,-47,D4
-49,-40,-48,-57,D4
-49,-40,-48,-57,D4
-49,-40,-48,-57,D4
-49,-40,-48,-57,D4
-49,-40,-48,-57,D4
-49,-40,-48,-57,D4
-49,-40,-48,-57,D4
-49,-40,-48,-57,D4
-49,-40,-48,-57,D4
-49,-40,-48,-57,D4
-49,-40,-48,-57,D4
-49,-40,-48,-57,D4
-49,-40,-48,-57,D4
-49,-40,-48,-57,D4
-58,-46,-48,-57,D4
-58,-46,-48,-57,D4
-58,-46,-48,-57,D4
-58,-46,-48,-57,D4
-58,-46,-48,-57,D4
-58,-46,-48,-57,D4
-58,-46,-48,-57,D4
-58,-46,-48,-57,D4
-58,-46,-48,-57,D4
-58,-46,-48,-57,D4
-58,-46,-48,-57,D4
-58,-46,-47,-49,D4
-58,-46,-47,-49,D4
-58,-46,-47,-49,D4
-58,-46,-47,-49,D4
-58,-46,-47,-49,D4
-58,-46,-47,-49,D4
-58,-46,-47,-49,D4
-58,-46,-47,-49,D4
-58,-46,-47,-49,D4
-58,-46,-47,-49,D4
-58,-46,-47,-49,D4
-58,-46,-47,-49,D4
-58,-46,-47,-49,D4
-58,-46,-47,-49,D4
-58,-46,-47,-49,D4
-58,-46,-47,-49,D4
-58,-46,-47,-49,D4
-58,-46,-47,-49,D4
-58,-46,-35,-56,D4
-58,-46,-35,-56,D4
-58,-46,-35,-56,D4
-58,-46,-35,-56,D4
-58,-46,-35,-56,D4
-58,-46,-35,-56,D4
-58,-46,-35,-56,D4
-58,-46,-35,-56,D4
-58,-46,-35,-56,D4
-58,-46,-35,-56,D4
-58,-46,-35,-56,D4
-58,-46,-35,-56,D4
-58,-46,-35,-56,D4
-58,-46,-35,-56,D4
-58,-46,-35,-62,D4
-58,-46,-35,-62,D4
-58,-46,-35,-62,D4
-58,-46,-35,-62,D4
-58,-46,-35,-62,D4
-58,-46,-35,-62,D4
-58,-46,-35,-62,D4
-58,-46,-35,-62,D4
-58,-46,-35,-62,D4
-58,-46,-35,-62,D4
-58,-46,-35,-62,D4
-58,-46,-35,-62,D4
-58,-46,-35,-62,D4
-58,-46,-35,-62,D4
-58,-46,-35,-62,D4
-58,-46,-35,-62,D4
-58,-46,-31,-62,D4
-58,-46,-31,-62,D4
-58,-46,-31,-62,D4
-58,-46,-31,-62,D4
-58,-46,-31,-62,D4
-58,-46,-31,-62,D4
-100,-54,-43,-46,D3
-100,-54,-43,-46,D3
-100,-54,-43,-46,D3
-100,-54,-43,-46,D3
-100,-54,-43,-46,D3
-100,-54,-43,-46,D3
-100,-54,-43,-46,D3
-100,-54,-43,-46,D3
-100,-54,-43,-46,D3
-100,-54,-43,-46,D3
-11,-52,-42,-48,D3
-11,-52,-42,-48,D3
-11,-52,-42,-48,D3
-11,-52,-42,-48,D3
-11,-52,-42,-48,D3
-53,-48,-47,-34,D3
-53,-48,-47,-34,D3
-53,-48,-47,-34,D3
-53,-48,-47,-34,D3
-53,-48,-47,-34,D3
-53,-48,-47,-34,D3
-53,-48,-47,-34,D3
-53,-48,-47,-34,D3
-10,-47,-47,-42,D3
-10,-47,-47,-42,D3
-10,-47,-47,-42,D3
-100,-49,-42,-45,D3
-100,-49,-42,-45,D3
-100,-49,-42,-45,D3
-100,-49,-42,-45,D3
-100,-49,-42,-45,D3
-100,-49,-42,-45,D3
-100,-49,-42,-45,D3
-100,-49,-42,-45,D3
-100,-49,-42,-45,D3
-100,-49,-50,-54,D3
-100,-49,-50,-54,D3
-100,-49,-50,-54,D3
-100,-49,-50,-54,D3
-100,-49,-50,-54,D3
-100,-49,-50,-54,D3
-100,-49,-50,-54,D3
-100,-49,-50,-54,D3
-100,-49,-50,-54,D3
-100,-49,-50,-54,D3
-100,-49,-50,-54,D3
-100,-46,-42,-54,D3
-100,-46,-42,-54,D3
-100,-46,-42,-54,D3
-100,-46,-42,-54,D3
-100,-46,-42,-54,D3
-100,-46,-42,-54,D3
-100,-46,-42,-54,D3
-100,-46,-42,-54,D3
-100,-46,-42,-54,D3
-100,-46,-42,-54,D3
-100,-46,-42,-54,D3
-100,-46,-42,-54,D3
-100,-46,-42,-54,D3
-100,-46,-42,-54,D3
-100,-46,-42,-54,D3
-100,-46,-42,-54,D3
-100,-54,-48,-54,D3
-100,-54,-48,-54,D3
-100,-54,-48,-54,D3
-100,-54,-48,-54,D3
-100,-54,-48,-54,D3
-100,-54,-48,-54,D3
-100,-54,-48,-54,D3
-100,-54,-48,-54,D3
-100,-54,-48,-54,D3
-100,-54,-48,-54,D3
-100,-54,-48,-54,D3
-100,-54,-48,-54,D3
-100,-54,-48,-54,D3
-100,-54,-48,-54,D3
-100,-54,-48,-54,D3
-100,-54,-48,-54,D3
-100,-48,-48,-51,D3
-100,-48,-48,-51,D3
-100,-48,-48,-51,D3
-100,-48,-48,-51,D3
-100,-48,-48,-51,D3
-100,-48,-48,-51,D3
-100,-48,-48,-51,D3
-100,-48,-48,-51,D3
-100,-48,-48,-51,D3
-100,-48,-48,-51,D3
-100,-48,-48,-51,D3
-100,-48,-48,-51,D3
-100,-48,-48,-51,D3
-100,-48,-48,-51,D3
-100,-48,-48,-51,D3
-100,-48,-48,-51,D3
-100,-48,-48,-51,D3
-100,-48,-48,-51,D3
-100,-48,-48,-51,D3
-100,-48,-48,-51,D3
-100,-48,-48,-51,D3
-100,-48,-48,-51,D3
-100,-48,-48,-51,D3
-100,-48,-48,-51,D3
-61,-51,-48,-47,D3
-53,-56,-46,-38,D2
-53,-56,-46,-35,D2
-53,-56,-46,-35,D2
-53,-56,-46,-35,D2
-53,-56,-46,-35,D2
-53,-56,-46,-35,D2
-53,-56,-46,-35,D2
-53,-56,-46,-35,D2
-53,-56,-46,-35,D2
-53,-56,-46,-35,D2
-53,-56,-46,-35,D2
-53,-56,-46,-35,D2
-53,-56,-46,-35,D2
-53,-56,-46,-35,D2
-53,-56,-46,-35,D2
-53,-56,-46,-35,D2
-53,-56,-46,-35,D2
-53,-56,-46,-35,D2
-53,-56,-46,-35,D2
-53,-56,-46,-35,D2
-53,-56,-46,-35,D2
-53,-56,-46,-35,D2
-53,-57,-53,-34,D2
-53,-57,-53,-34,D2
-53,-57,-53,-34,D2
-53,-57,-53,-34,D2
-53,-57,-53,-34,D2
-53,-57,-53,-34,D2
-53,-57,-53,-34,D2
-53,-57,-53,-34,D2
-53,-57,-53,-34,D2
-53,-57,-53,-34,D2
-53,-57,-53,-34,D2
-53,-57,-53,-34,D2
-53,-57,-53,-34,D2
-53,-57,-53,-34,D2
-53,-57,-53,-34,D2
-53,-57,-53,-34,D2
-53,-57,-53,-34,D2
-53,-57,-53,-34,D2
-53,-57,-53,-34,D2
-53,-57,-53,-34,D2
-53,-57,-53,-34,D2
-53,-57,-53,-34,D2
-53,-57,-53,-34,D2
-53,-57,-53,-34,D2
-53,-57,-53,-34,D2
-53,-57,-53,-34,D2
-53,-57,-53,-34,D2
-53,-57,-53,-34,D2
-53,-57,-53,-45,D2
-53,-57,-53,-45,D2
-53,-57,-53,-45,D2
-53,-57,-53,-45,D2
-53,-57,-53,-45,D2
-53,-57,-53,-45,D2
-53,-57,-53,-45,D2
-53,-57,-53,-45,D2
-53,-57,-53,-45,D2
-53,-57,-53,-45,D2
-53,-57,-53,-45,D2
-53,-57,-53,-45,D2
-53,-57,-53,-45,D2
-53,-57,-53,-45,D2
-53,-57,-53,-45,D2
-53,-57,-53,-45,D2
-53,-57,-53,-45,D2
-53,-57,-53,-45,D2
-53,-57,-53,-45,D2
-53,-57,-53,-45,D2
-53,-57,-53,-45,D2
-53,-57,-53,-45,D2
-53,-57,-53,-45,D2
-53,-57,-53,-45,D2
-53,-57,-53,-45,D2
-53,-57,-53,-45,D2
-53,-57,-53,-45,D2
-53,-57,-53,-36,D2
-53,-57,-53,-36,D2
-53,-57,-53,-36,D2
-53,-57,-53,-36,D2
-53,-57,-53,-36,D2
-53,-57,-53,-36,D2
-53,-57,-53,-36,D2
-53,-57,-53,-36,D2
-53,-57,-53,-36,D2
-53,-57,-53,-36,D2
-53,-57,-53,-36,D2
-53,-57,-53,-36,D2
-53,-57,-53,-36,D2
-53,-57,-53,-36,D2
-53,-57,-53,-36,D2
-53,-57,-53,-36,D2
-53,-57,-53,-36,D2
-53,-57,-53,-36,D2
-53,-57,-53,-36,D2
-53,-57,-53,-36,D2
-53,-57,-53,-36,D2
-53,-57,-53,-36,D2
-100,-49,-53,-33,D2
-45,-53,-51,-40,D1
-45,-53,-51,-40,D1
-45,-53,-51,-40,D1
-45,-53,-51,-40,D1
-45,-53,-51,-40,D1
-45,-53,-51,-40,D1
-45,-53,-51,-40,D1
-45,-53,-51,-40,D1
-45,-53,-51,-40,D1
-45,-53,-51,-40,D1
-45,-53,-51,-40,D1
-45,-53,-51,-40,D1
-45,-53,-51,-40,D1
-45,-53,-51,-40,D1
-45,-53,-51,-40,D1
-45,-53,-51,-40,D1
-45,-53,-51,-40,D1
-45,-53,-51,-40,D1
-45,-53,-51,-40,D1
-45,-53,-51,-40,D1
-45,-53,-51,-47,D1
-45,-53,-51,-47,D1
-45,-53,-51,-47,D1
-45,-53,-51,-47,D1
-45,-53,-51,-47,D1
-45,-53,-51,-47,D1
-45,-53,-51,-47,D1
-45,-53,-51,-47,D1
-45,-53,-51,-47,D1
-45,-53,-51,-47,D1
-45,-53,-51,-47,D1
-45,-53,-51,-47,D1
-45,-53,-51,-47,D1
-45,-53,-51,-47,D1
-45,-53,-51,-47,D1
-45,-53,-51,-47,D1
-45,-53,-51,-47,D1
-45,-53,-51,-47,D1
-45,-53,-58,-49,D1
-45,-53,-58,-49,D1
-45,-53,-58,-49,D1
-45,-53,-58,-49,D1
-45,-53,-58,-49,D1
-45,-53,-58,-49,D1
-45,-53,-58,-49,D1
-45,-53,-58,-49,D1
-45,-53,-58,-49,D1
-45,-53,-58,-49,D1
-45,-53,-58,-49,D1
-45,-53,-58,-49,D1
-100,-53,-58,-35,D1
-100,-53,-58,-35,D1
-100,-53,-58,-35,D1
-46,-100,-49,-50,D1
-46,-100,-49,-50,D1
-46,-100,-49,-50,D1
-46,-100,-49,-51,D1
-46,-100,-49,-51,D1
-46,-100,-49,-51,D1
-46,-100,-49,-51,D1
-46,-100,-49,-51,D1
-46,-100,-49,-51,D1
-46,-100,-49,-51,D1
-46,-100,-49,-51,D1
-46,-100,-49,-51,D1
-46,-100,-49,-51,D1
-46,-100,-49,-51,D1
-46,-100,-49,-51,D1
-46,-100,-49,-51,D1
-46,-100,-49,-51,D1
-46,-100,-49,-51,D1
-46,-100,-49,-51,D1
-46,-100,-49,-51,D1
-46,-100,-49,-51,D1
-46,-100,-49,-51,D1
-46,-100,-49,-51,D1
-46,-100,-49,-51,D1
-46,-100,-49,-51,D1
-46,-100,-54,-51,D1
-46,-100,-54,-51,D1
-46,-100,-54,-51,D1
-46,-100,-54,-51,D1
-46,-100,-54,-51,D1
-46,-100,-54,-51,D1
-46,-100,-54,-51,D1
-46,-100,-54,-51,D1
-46,-100,-54,-51,D1
-46,-100,-54,-51,D1
-46,-100,-54,-51,D1
-46,-100,-54,-51,D1
-46,-100,-54,-51,D1
-46,-100,-54,-51,D1
-46,-100,-54,-51,D1
-46,-100,-54,-51,D1
-46,-100,-54,-51,D1
-46,-100,-54,-51,D1
-46,-100,-54,-51,D1
-46,-100,-54,-51,D1
-46,-100,-54,-38,D1
-46,-100,-54,-38,D1